<?xml version="1.0" encoding="UTF-8"?>
<beans xmlns="http://www.springframework.org/schema/beans"
	xmlns:xsi="http://www.w3.org/2001/XMLSchema-instance"
	xmlns:aop="http://www.springframework.org/schema/aop"
	xmlns:context="http://www.springframework.org/schema/context"
	xsi:schemaLocation="http://www.springframework.org/schema/beans http://www.springframework.org/schema/beans/spring-beans.xsd
	                    http://www.springframework.org/schema/aop http://www.springframework.org/schema/aop/spring-aop-3.0.xsd
	                    http://www.springframework.org/schema/context 
	           http://www.springframework.org/schema/context/spring-context-3.0.xsd" >
	

	<bean id="magician1" class="com.rits.Magician" >
	    <property name="box" ref="magicbox"></property>
	    <property name="magicwords" value="Choo Mantar !!" />
	</bean>
   
   
   
   
   
    <bean id="magicbox" class="com.rits.MagicBoxImpl" >
    <replaced-method name="getContents" replacer="elephantReplacer"></replaced-method> 
    
    </bean>     

    <bean id="elephantReplacer" class="com.rits.ElephantReplacer" />
    

</beans>

