<?xml version="1.0" encoding="UTF-8"?>
<beans xmlns="http://www.springframework.org/schema/beans"
    xmlns:context="http://www.springframework.org/schema/context"
	xmlns:xsi="http://www.w3.org/2001/XMLSchema-instance"
	xsi:schemaLocation="http://www.springframework.org/schema/beans 
	                    http://www.springframework.org/schema/beans/spring-beans.xsd
	                    http://www.springframework.org/schema/context
	                    http://www.springframework.org/schema/context/spring-context-3.0.xsd" >
	<!-- <import resource="test-infrastructure-config.xml"/> -->
	<import resource="classpath:/bank/server/internal/aspects/aspects-config.xml" />
<bean id="bankService" class="bank.server.internal.BankImpl" scope="prototype" />
<!--  <bean class="org.springframework.context.annotation.CommonAnnotationBeanPostProcessor" /> -->
<!--  OR use just context:annotation-config -->
 <context:annotation-config /> 
<bean id="accountRepo" class="bank.server.internal.AccountRepositoryImpl" /> 

<bean id="current" class="bank.server.internal.CurentAccount" init-method="initialize">
   <constructor-arg name="custName" value="Vivek Kulkarni" />
   <constructor-arg  name="balance" value="10000000" />
   <property name="acctNo" value ="12345" />
</bean>
<bean id="saving" class="bank.server.internal.SavingsType" >
   <constructor-arg name="custName" value="Vivek Kulkarni" />
  <property  name="interestRate" value="3.5" /> 
</bean>
<bean id="loan" class="bank.server.internal.LoanAccount" >
   <constructor-arg name="loanType" value="HomeLoan" />
   <constructor-arg  name="loanTerm" value="25" />
   <property name="rateOfInterest" value="10.7" />
</bean>
<bean id="subClassAccount" class="bank.server.internal.SubClassAccount" >
   <constructor-arg name="loanType" value="HomeLoanSubClass" />
   <constructor-arg  name="loanTerm" value="15" />
   <property name="rateOfInterest" value="11.7" />
</bean>
</beans>
