<?xml version="1.0" encoding="UTF-8"?>
<beans xmlns="http://www.springframework.org/schema/beans"
	xmlns:xsi="http://www.w3.org/2001/XMLSchema-instance"
	 xmlns:tx="http://www.springframework.org/schema/tx"
	 xmlns:context="http://www.springframework.org/schema/context"
	  xmlns:aop="http://www.springframework.org/schema/aop"
	xsi:schemaLocation="http://www.springframework.org/schema/beans 
	                    http://www.springframework.org/schema/beans/spring-beans.xsd
	                    http://www.springframework.org/schema/tx
                        http://www.springframework.org/schema/tx/spring-tx-3.0.xsd
                        http://www.springframework.org/schema/aop
                        http://www.springframework.org/schema/aop/spring-aop-3.0.xsd
                        http://www.springframework.org/schema/context
                        http://www.springframework.org/schema/context/spring-context-3.0.xsd" >
                        
                        
<context:annotation-config/>
<!-- Instructs the container to look for beans with @Transactional and decorate them -->
	<!--  <tx:annotation-driven transaction-manager="transactionManager"/> -->
	
	<import resource="test-infrastructure-config.xml"/>
	<aop:config>
	<aop:pointcut expression="execution(public * bank.server.internal.*.*(..))" id="allMethods"/>
	<aop:advisor advice-ref="txnAdvice" pointcut-ref="allMethods"/> <!-- Mapping of point cut and transaction manager -->
	</aop:config>
	<!-- tx:advice is defining attributes that we could have given for @Transactional annotaion if annotaions were used-->
	<tx:advice id="txnAdvice" transaction-manager="transactionManager">
	     <tx:attributes>
	        <tx:method name="get*" isolation="READ_COMMITTED" propagation="REQUIRED" read-only="true"/>
	        <tx:method name="find*" read-only="true"/>
	  <!--       <tx:method name="*" read-only="false" no-rollback-for="java.lang.RuntimeException"/> --> <!--  We are breaking automicity by having no-rollback-for -->
	        <tx:method name="*" read-only="false" /> 
	     </tx:attributes>
	</tx:advice>
	
<bean id="bankService" class="bank.server.internal.BankImpl" scope="singleton">
    <constructor-arg ref="acctRepo">
       
    </constructor-arg>
    <constructor-arg>
       <list>
          <ref bean="current" />
          <ref bean="saving" />
          <ref bean="loan" />
       </list>
    </constructor-arg>
 </bean>
    <bean id="acctRepo" class="bank.server.internal.AccountRepositoryImpl" >
          <constructor-arg name="dataSource" ref="dataSource" />
           <constructor-arg name="jdbcTemplate" ref="jdbcTemplate" />
    </bean>
<bean id="jdbcTemplate" class="org.springframework.jdbc.core.JdbcTemplate" >
  <constructor-arg name="dataSource" ref="dataSource" />
  </bean>

<bean id="current" class="bank.server.internal.CurentAccount" >
   <constructor-arg name="custName" value="Vivek Kulkarni" />
   <constructor-arg  name="balance" value="10000000" />
   <property name="acctNo" value ="12345" />
</bean>
<bean id="saving" class="bank.server.internal.SavingsType" >
   <constructor-arg name="custName" value="Vivek Kulkarni" />
   <constructor-arg  name="interestRate" value="3.5" />
</bean>
<bean id="loan" class="bank.server.internal.LoanAccount" >
   <constructor-arg name="loanType" value="HomeLoan" />
   <constructor-arg  name="loanTerm" value="25" />
   <property name="rateOfInterest" value="10.7" />
</bean>

  


</beans>
